,beta,edge_num,gamma,max_lambda,node_num
0,0.012890625,250,0.1,10.22308965,50
1,0.026171875,250,0.2,10.22308965,50
2,0.040722656,250,0.3,10.22308965,50
3,0.055078125,250,0.4,10.22308965,50
4,0.067871094,250,0.5,10.22308965,50
5,0.079394531,250,0.6,10.22308965,50
6,0.098779297,250,0.7,10.22308965,50
7,0.112890625,250,0.8,10.22308965,50
8,0.119091797,250,0.9,10.22308965,50
9,0.139160156,250,1,10.22308965,50
10,0.014453125,250,0.1,10.1733504,50
11,0.025390625,250,0.2,10.1733504,50
12,0.039550781,250,0.3,10.1733504,50
13,0.055859375,250,0.4,10.1733504,50
14,0.065917969,250,0.5,10.1733504,50
15,0.080566406,250,0.6,10.1733504,50
16,0.096728516,250,0.7,10.1733504,50
17,0.099609375,250,0.8,10.1733504,50
18,0.117333984,250,0.9,10.1733504,50
19,0.141113281,250,1,10.1733504,50
20,0.012890625,250,0.1,10.17914868,50
21,0.026171875,250,0.2,10.17914868,50
22,0.041308594,250,0.3,10.17914868,50
23,0.053515625,250,0.4,10.17914868,50
24,0.067871094,250,0.5,10.17914868,50
25,0.081152344,250,0.6,10.17914868,50
26,0.093994141,250,0.7,10.17914868,50
27,0.109765625,250,0.8,10.17914868,50
28,0.121728516,250,0.9,10.17914868,50
29,0.135253906,250,1,10.17914868,50
30,0.013671875,250,0.1,10.16213308,50
31,0.026953125,250,0.2,10.16213308,50
32,0.040722656,250,0.3,10.16213308,50
33,0.057421875,250,0.4,10.16213308,50
34,0.069824219,250,0.5,10.16213308,50
35,0.081152344,250,0.6,10.16213308,50
36,0.096728516,250,0.7,10.16213308,50
37,0.112890625,250,0.8,10.16213308,50
38,0.119970703,250,0.9,10.16213308,50
39,0.134277344,250,1,10.16213308,50
40,0.013671875,250,0.1,10.23732155,50
41,0.026953125,250,0.2,10.23732155,50
42,0.039550781,250,0.3,10.23732155,50
43,0.052734375,250,0.4,10.23732155,50
44,0.066894531,250,0.5,10.23732155,50
45,0.080566406,250,0.6,10.23732155,50
46,0.098779297,250,0.7,10.23732155,50
47,0.106640625,250,0.8,10.23732155,50
48,0.121728516,250,0.9,10.23732155,50
49,0.141113281,250,1,10.23732155,50
50,0.013671875,250,0.1,10.27621596,50
51,0.025390625,250,0.2,10.27621596,50
52,0.041308594,250,0.3,10.27621596,50
53,0.051171875,250,0.4,10.27621596,50
54,0.063964844,250,0.5,10.27621596,50
55,0.085839844,250,0.6,10.27621596,50
56,0.092626953,250,0.7,10.27621596,50
57,0.105859375,250,0.8,10.27621596,50
58,0.127001953,250,0.9,10.27621596,50
59,0.130371094,250,1,10.27621596,50
60,0.013671875,250,0.1,10.23208903,50
61,0.024609375,250,0.2,10.23208903,50
62,0.041308594,250,0.3,10.23208903,50
63,0.053515625,250,0.4,10.23208903,50
64,0.068847656,250,0.5,10.23208903,50
65,0.082324219,250,0.6,10.23208903,50
66,0.094677734,250,0.7,10.23208903,50
67,0.109765625,250,0.8,10.23208903,50
68,0.119970703,250,0.9,10.23208903,50
69,0.124511719,250,1,10.23208903,50
70,0.014453125,250,0.1,10.22660798,50
71,0.026171875,250,0.2,10.22660798,50
72,0.039550781,250,0.3,10.22660798,50
73,0.052734375,250,0.4,10.22660798,50
74,0.066894531,250,0.5,10.22660798,50
75,0.078222656,250,0.6,10.22660798,50
76,0.091943359,250,0.7,10.22660798,50
77,0.099609375,250,0.8,10.22660798,50
78,0.121728516,250,0.9,10.22660798,50
79,0.131347656,250,1,10.22660798,50
80,0.013671875,250,0.1,10.26629188,50
81,0.025390625,250,0.2,10.26629188,50
82,0.038378906,250,0.3,10.26629188,50
83,0.053515625,250,0.4,10.26629188,50
84,0.066894531,250,0.5,10.26629188,50
85,0.078808594,250,0.6,10.26629188,50
86,0.087158203,250,0.7,10.26629188,50
87,0.108203125,250,0.8,10.26629188,50
88,0.128759766,250,0.9,10.26629188,50
89,0.133300781,250,1,10.26629188,50
90,0.013671875,250,0.1,10.23322298,50
91,0.026953125,250,0.2,10.23322298,50
92,0.040136719,250,0.3,10.23322298,50
93,0.056640625,250,0.4,10.23322298,50
94,0.067871094,250,0.5,10.23322298,50
95,0.079394531,250,0.6,10.23322298,50
96,0.093310547,250,0.7,10.23322298,50
97,0.106640625,250,0.8,10.23322298,50
98,0.115576172,250,0.9,10.23322298,50
99,0.131347656,250,1,10.23322298,50
100,0.013671875,250,0.1,10.25027016,50
101,0.026171875,250,0.2,10.25027016,50
102,0.038964844,250,0.3,10.25027016,50
103,0.052734375,250,0.4,10.25027016,50
104,0.067871094,250,0.5,10.25027016,50
105,0.076464844,250,0.6,10.25027016,50
106,0.093310547,250,0.7,10.25027016,50
107,0.105859375,250,0.8,10.25027016,50
108,0.128759766,250,0.9,10.25027016,50
109,0.132324219,250,1,10.25027016,50
110,0.012890625,250,0.1,10.25025894,50
111,0.026171875,250,0.2,10.25025894,50
112,0.042480469,250,0.3,10.25025894,50
113,0.054296875,250,0.4,10.25025894,50
114,0.063964844,250,0.5,10.25025894,50
115,0.080566406,250,0.6,10.25025894,50
116,0.091943359,250,0.7,10.25025894,50
117,0.101953125,250,0.8,10.25025894,50
118,0.124365234,250,0.9,10.25025894,50
119,0.135253906,250,1,10.25025894,50
120,0.013671875,250,0.1,10.1804343,50
121,0.026953125,250,0.2,10.1804343,50
122,0.040722656,250,0.3,10.1804343,50
123,0.055078125,250,0.4,10.1804343,50
124,0.066894531,250,0.5,10.1804343,50
125,0.084667969,250,0.6,10.1804343,50
126,0.092626953,250,0.7,10.1804343,50
127,0.109765625,250,0.8,10.1804343,50
128,0.125244141,250,0.9,10.1804343,50
129,0.135253906,250,1,10.1804343,50
130,0.014453125,250,0.1,10.28543612,50
131,0.026953125,250,0.2,10.28543612,50
132,0.040136719,250,0.3,10.28543612,50
133,0.053515625,250,0.4,10.28543612,50
134,0.064941406,250,0.5,10.28543612,50
135,0.079980469,250,0.6,10.28543612,50
136,0.094677734,250,0.7,10.28543612,50
137,0.105078125,250,0.8,10.28543612,50
138,0.119091797,250,0.9,10.28543612,50
139,0.133300781,250,1,10.28543612,50
140,0.013671875,250,0.1,10.30569704,50
141,0.026953125,250,0.2,10.30569704,50
142,0.038378906,250,0.3,10.30569704,50
143,0.051171875,250,0.4,10.30569704,50
144,0.065917969,250,0.5,10.30569704,50
145,0.079394531,250,0.6,10.30569704,50
146,0.097412109,250,0.7,10.30569704,50
147,0.106640625,250,0.8,10.30569704,50
148,0.127001953,250,0.9,10.30569704,50
149,0.130371094,250,1,10.30569704,50
150,0.012890625,250,0.1,10.24441071,50
151,0.026171875,250,0.2,10.24441071,50
152,0.040136719,250,0.3,10.24441071,50
153,0.052734375,250,0.4,10.24441071,50
154,0.067871094,250,0.5,10.24441071,50
155,0.080566406,250,0.6,10.24441071,50
156,0.093310547,250,0.7,10.24441071,50
157,0.109765625,250,0.8,10.24441071,50
158,0.115576172,250,0.9,10.24441071,50
159,0.137207031,250,1,10.24441071,50
160,0.013671875,250,0.1,10.16054316,50
161,0.026171875,250,0.2,10.16054316,50
162,0.042480469,250,0.3,10.16054316,50
163,0.056640625,250,0.4,10.16054316,50
164,0.066894531,250,0.5,10.16054316,50
165,0.083496094,250,0.6,10.16054316,50
166,0.091259766,250,0.7,10.16054316,50
167,0.112890625,250,0.8,10.16054316,50
168,0.120849609,250,0.9,10.16054316,50
169,0.131347656,250,1,10.16054316,50
170,0.012890625,250,0.1,10.34548409,50
171,0.026953125,250,0.2,10.34548409,50
172,0.042480469,250,0.3,10.34548409,50
173,0.053515625,250,0.4,10.34548409,50
174,0.062011719,250,0.5,10.34548409,50
175,0.078222656,250,0.6,10.34548409,50
176,0.092626953,250,0.7,10.34548409,50
177,0.105078125,250,0.8,10.34548409,50
178,0.119970703,250,0.9,10.34548409,50
179,0.128417969,250,1,10.34548409,50
180,0.012890625,250,0.1,10.18708627,50
181,0.028515625,250,0.2,10.18708627,50
182,0.040722656,250,0.3,10.18708627,50
183,0.055078125,250,0.4,10.18708627,50
184,0.070800781,250,0.5,10.18708627,50
185,0.077050781,250,0.6,10.18708627,50
186,0.094677734,250,0.7,10.18708627,50
187,0.106640625,250,0.8,10.18708627,50
188,0.123486328,250,0.9,10.18708627,50
189,0.131347656,250,1,10.18708627,50
190,0.012890625,250,0.1,10.23877079,50
191,0.026171875,250,0.2,10.23877079,50
192,0.039550781,250,0.3,10.23877079,50
193,0.051953125,250,0.4,10.23877079,50
194,0.066894531,250,0.5,10.23877079,50
195,0.081738281,250,0.6,10.23877079,50
196,0.098779297,250,0.7,10.23877079,50
197,0.106640625,250,0.8,10.23877079,50
198,0.119091797,250,0.9,10.23877079,50
199,0.137207031,250,1,10.23877079,50
200,0.012109375,250,0.1,10.25761179,50
201,0.026953125,250,0.2,10.25761179,50
202,0.042480469,250,0.3,10.25761179,50
203,0.051171875,250,0.4,10.25761179,50
204,0.066894531,250,0.5,10.25761179,50
205,0.074707031,250,0.6,10.25761179,50
206,0.096044922,250,0.7,10.25761179,50
207,0.105078125,250,0.8,10.25761179,50
208,0.119970703,250,0.9,10.25761179,50
209,0.126464844,250,1,10.25761179,50
210,0.012890625,250,0.1,10.3385223,50
211,0.026953125,250,0.2,10.3385223,50
212,0.040722656,250,0.3,10.3385223,50
213,0.055078125,250,0.4,10.3385223,50
214,0.065917969,250,0.5,10.3385223,50
215,0.079980469,250,0.6,10.3385223,50
216,0.091259766,250,0.7,10.3385223,50
217,0.109765625,250,0.8,10.3385223,50
218,0.119970703,250,0.9,10.3385223,50
219,0.130371094,250,1,10.3385223,50
220,0.012890625,250,0.1,10.21922457,50
221,0.028515625,250,0.2,10.21922457,50
222,0.041308594,250,0.3,10.21922457,50
223,0.052734375,250,0.4,10.21922457,50
224,0.068847656,250,0.5,10.21922457,50
225,0.079980469,250,0.6,10.21922457,50
226,0.091259766,250,0.7,10.21922457,50
227,0.105859375,250,0.8,10.21922457,50
228,0.119091797,250,0.9,10.21922457,50
229,0.128417969,250,1,10.21922457,50
230,0.012109375,250,0.1,10.31391379,50
231,0.026171875,250,0.2,10.31391379,50
232,0.040136719,250,0.3,10.31391379,50
233,0.053515625,250,0.4,10.31391379,50
234,0.066894531,250,0.5,10.31391379,50
235,0.084667969,250,0.6,10.31391379,50
236,0.096044922,250,0.7,10.31391379,50
237,0.099609375,250,0.8,10.31391379,50
238,0.120849609,250,0.9,10.31391379,50
239,0.142089844,250,1,10.31391379,50
240,0.012890625,250,0.1,10.27274429,50
241,0.027734375,250,0.2,10.27274429,50
242,0.042480469,250,0.3,10.27274429,50
243,0.053515625,250,0.4,10.27274429,50
244,0.062011719,250,0.5,10.27274429,50
245,0.074707031,250,0.6,10.27274429,50
246,0.087158203,250,0.7,10.27274429,50
247,0.111328125,250,0.8,10.27274429,50
248,0.122607422,250,0.9,10.27274429,50
249,0.141113281,250,1,10.27274429,50
250,0.012890625,250,0.1,10.26087705,50
251,0.026953125,250,0.2,10.26087705,50
252,0.037207031,250,0.3,10.26087705,50
253,0.051953125,250,0.4,10.26087705,50
254,0.069824219,250,0.5,10.26087705,50
255,0.081152344,250,0.6,10.26087705,50
256,0.093310547,250,0.7,10.26087705,50
257,0.109765625,250,0.8,10.26087705,50
258,0.127001953,250,0.9,10.26087705,50
259,0.130371094,250,1,10.26087705,50
260,0.013671875,250,0.1,10.2375357,50
261,0.024609375,250,0.2,10.2375357,50
262,0.040136719,250,0.3,10.2375357,50
263,0.051953125,250,0.4,10.2375357,50
264,0.065917969,250,0.5,10.2375357,50
265,0.079394531,250,0.6,10.2375357,50
266,0.091943359,250,0.7,10.2375357,50
267,0.105859375,250,0.8,10.2375357,50
268,0.122607422,250,0.9,10.2375357,50
269,0.130371094,250,1,10.2375357,50
270,0.013671875,250,0.1,10.2667675,50
271,0.026171875,250,0.2,10.2667675,50
272,0.037207031,250,0.3,10.2667675,50
273,0.053515625,250,0.4,10.2667675,50
274,0.065917969,250,0.5,10.2667675,50
275,0.077050781,250,0.6,10.2667675,50
276,0.091943359,250,0.7,10.2667675,50
277,0.107421875,250,0.8,10.2667675,50
278,0.121728516,250,0.9,10.2667675,50
279,0.132324219,250,1,10.2667675,50
280,0.012890625,250,0.1,10.26960693,50
281,0.026171875,250,0.2,10.26960693,50
282,0.037207031,250,0.3,10.26960693,50
283,0.052734375,250,0.4,10.26960693,50
284,0.066894531,250,0.5,10.26960693,50
285,0.079394531,250,0.6,10.26960693,50
286,0.094677734,250,0.7,10.26960693,50
287,0.108984375,250,0.8,10.26960693,50
288,0.118212891,250,0.9,10.26960693,50
289,0.134277344,250,1,10.26960693,50
290,0.013671875,250,0.1,10.21759476,50
291,0.026171875,250,0.2,10.21759476,50
292,0.040136719,250,0.3,10.21759476,50
293,0.056640625,250,0.4,10.21759476,50
294,0.065917969,250,0.5,10.21759476,50
295,0.082324219,250,0.6,10.21759476,50
296,0.092626953,250,0.7,10.21759476,50
297,0.107421875,250,0.8,10.21759476,50
298,0.119970703,250,0.9,10.21759476,50
299,0.130371094,250,1,10.21759476,50
300,0.014453125,250,0.1,10.22875505,50
301,0.026171875,250,0.2,10.22875505,50
302,0.038378906,250,0.3,10.22875505,50
303,0.052734375,250,0.4,10.22875505,50
304,0.067871094,250,0.5,10.22875505,50
305,0.076464844,250,0.6,10.22875505,50
306,0.096044922,250,0.7,10.22875505,50
307,0.105078125,250,0.8,10.22875505,50
308,0.115576172,250,0.9,10.22875505,50
309,0.132324219,250,1,10.22875505,50
310,0.014453125,250,0.1,10.25316502,50
311,0.028515625,250,0.2,10.25316502,50
312,0.041308594,250,0.3,10.25316502,50
313,0.052734375,250,0.4,10.25316502,50
314,0.066894531,250,0.5,10.25316502,50
315,0.082324219,250,0.6,10.25316502,50
316,0.089892578,250,0.7,10.25316502,50
317,0.112890625,250,0.8,10.25316502,50
318,0.117333984,250,0.9,10.25316502,50
319,0.130371094,250,1,10.25316502,50
320,0.013671875,250,0.1,10.28619058,50
321,0.027734375,250,0.2,10.28619058,50
322,0.038964844,250,0.3,10.28619058,50
323,0.053515625,250,0.4,10.28619058,50
324,0.065917969,250,0.5,10.28619058,50
325,0.079394531,250,0.6,10.28619058,50
326,0.091943359,250,0.7,10.28619058,50
327,0.103515625,250,0.8,10.28619058,50
328,0.114697266,250,0.9,10.28619058,50
329,0.128417969,250,1,10.28619058,50
330,0.014453125,250,0.1,10.21382787,50
331,0.026171875,250,0.2,10.21382787,50
332,0.040722656,250,0.3,10.21382787,50
333,0.052734375,250,0.4,10.21382787,50
334,0.069824219,250,0.5,10.21382787,50
335,0.080566406,250,0.6,10.21382787,50
336,0.092626953,250,0.7,10.21382787,50
337,0.108203125,250,0.8,10.21382787,50
338,0.119091797,250,0.9,10.21382787,50
339,0.135253906,250,1,10.21382787,50
340,0.013671875,250,0.1,10.29914811,50
341,0.026953125,250,0.2,10.29914811,50
342,0.040136719,250,0.3,10.29914811,50
343,0.053515625,250,0.4,10.29914811,50
344,0.066894531,250,0.5,10.29914811,50
345,0.079394531,250,0.6,10.29914811,50
346,0.091259766,250,0.7,10.29914811,50
347,0.109765625,250,0.8,10.29914811,50
348,0.120849609,250,0.9,10.29914811,50
349,0.132324219,250,1,10.29914811,50
350,0.012890625,250,0.1,10.27560054,50
351,0.026953125,250,0.2,10.27560054,50
352,0.039550781,250,0.3,10.27560054,50
353,0.053515625,250,0.4,10.27560054,50
354,0.064941406,250,0.5,10.27560054,50
355,0.081152344,250,0.6,10.27560054,50
356,0.091943359,250,0.7,10.27560054,50
357,0.108203125,250,0.8,10.27560054,50
358,0.128759766,250,0.9,10.27560054,50
359,0.135253906,250,1,10.27560054,50
360,0.012890625,250,0.1,10.36798455,50
361,0.027734375,250,0.2,10.36798455,50
362,0.041308594,250,0.3,10.36798455,50
363,0.051953125,250,0.4,10.36798455,50
364,0.063964844,250,0.5,10.36798455,50
365,0.076464844,250,0.6,10.36798455,50
366,0.091943359,250,0.7,10.36798455,50
367,0.108203125,250,0.8,10.36798455,50
368,0.123486328,250,0.9,10.36798455,50
369,0.132324219,250,1,10.36798455,50
370,0.013671875,250,0.1,10.25707479,50
371,0.026953125,250,0.2,10.25707479,50
372,0.041308594,250,0.3,10.25707479,50
373,0.051953125,250,0.4,10.25707479,50
374,0.066894531,250,0.5,10.25707479,50
375,0.080566406,250,0.6,10.25707479,50
376,0.094677734,250,0.7,10.25707479,50
377,0.104296875,250,0.8,10.25707479,50
378,0.127001953,250,0.9,10.25707479,50
379,0.134277344,250,1,10.25707479,50
380,0.013671875,250,0.1,10.18874204,50
381,0.026953125,250,0.2,10.18874204,50
382,0.040136719,250,0.3,10.18874204,50
383,0.055078125,250,0.4,10.18874204,50
384,0.064941406,250,0.5,10.18874204,50
385,0.081738281,250,0.6,10.18874204,50
386,0.098779297,250,0.7,10.18874204,50
387,0.105078125,250,0.8,10.18874204,50
388,0.119970703,250,0.9,10.18874204,50
389,0.136230469,250,1,10.18874204,50
390,0.014453125,250,0.1,10.27610858,50
391,0.026953125,250,0.2,10.27610858,50
392,0.038964844,250,0.3,10.27610858,50
393,0.051953125,250,0.4,10.27610858,50
394,0.065917969,250,0.5,10.27610858,50
395,0.078808594,250,0.6,10.27610858,50
396,0.092626953,250,0.7,10.27610858,50
397,0.108203125,250,0.8,10.27610858,50
398,0.125244141,250,0.9,10.27610858,50
399,0.131347656,250,1,10.27610858,50
400,0.013671875,250,0.1,10.30798319,50
401,0.026171875,250,0.2,10.30798319,50
402,0.040136719,250,0.3,10.30798319,50
403,0.051953125,250,0.4,10.30798319,50
404,0.062011719,250,0.5,10.30798319,50
405,0.077636719,250,0.6,10.30798319,50
406,0.094677734,250,0.7,10.30798319,50
407,0.106640625,250,0.8,10.30798319,50
408,0.121728516,250,0.9,10.30798319,50
409,0.124511719,250,1,10.30798319,50
410,0.013671875,250,0.1,10.26720274,50
411,0.026953125,250,0.2,10.26720274,50
412,0.040722656,250,0.3,10.26720274,50
413,0.052734375,250,0.4,10.26720274,50
414,0.068847656,250,0.5,10.26720274,50
415,0.082910156,250,0.6,10.26720274,50
416,0.095361328,250,0.7,10.26720274,50
417,0.106640625,250,0.8,10.26720274,50
418,0.121728516,250,0.9,10.26720274,50
419,0.124511719,250,1,10.26720274,50
420,0.012890625,250,0.1,10.25861567,50
421,0.026171875,250,0.2,10.25861567,50
422,0.039550781,250,0.3,10.25861567,50
423,0.052734375,250,0.4,10.25861567,50
424,0.068847656,250,0.5,10.25861567,50
425,0.074707031,250,0.6,10.25861567,50
426,0.093310547,250,0.7,10.25861567,50
427,0.108203125,250,0.8,10.25861567,50
428,0.121728516,250,0.9,10.25861567,50
429,0.134277344,250,1,10.25861567,50
430,0.012890625,250,0.1,10.24558201,50
431,0.027734375,250,0.2,10.24558201,50
432,0.038378906,250,0.3,10.24558201,50
433,0.052734375,250,0.4,10.24558201,50
434,0.065917969,250,0.5,10.24558201,50
435,0.078222656,250,0.6,10.24558201,50
436,0.094677734,250,0.7,10.24558201,50
437,0.107421875,250,0.8,10.24558201,50
438,0.127001953,250,0.9,10.24558201,50
439,0.137207031,250,1,10.24558201,50
440,0.012890625,250,0.1,10.34563903,50
441,0.026953125,250,0.2,10.34563903,50
442,0.040136719,250,0.3,10.34563903,50
443,0.051171875,250,0.4,10.34563903,50
444,0.065917969,250,0.5,10.34563903,50
445,0.077050781,250,0.6,10.34563903,50
446,0.098779297,250,0.7,10.34563903,50
447,0.099609375,250,0.8,10.34563903,50
448,0.115576172,250,0.9,10.34563903,50
449,0.134277344,250,1,10.34563903,50
450,0.013671875,250,0.1,10.26049525,50
451,0.027734375,250,0.2,10.26049525,50
452,0.038964844,250,0.3,10.26049525,50
453,0.051953125,250,0.4,10.26049525,50
454,0.065917969,250,0.5,10.26049525,50
455,0.084082031,250,0.6,10.26049525,50
456,0.093994141,250,0.7,10.26049525,50
457,0.108984375,250,0.8,10.26049525,50
458,0.127001953,250,0.9,10.26049525,50
459,0.122558594,250,1,10.26049525,50
460,0.012890625,250,0.1,10.30798345,50
461,0.026953125,250,0.2,10.30798345,50
462,0.038378906,250,0.3,10.30798345,50
463,0.052734375,250,0.4,10.30798345,50
464,0.066894531,250,0.5,10.30798345,50
465,0.080566406,250,0.6,10.30798345,50
466,0.093310547,250,0.7,10.30798345,50
467,0.102734375,250,0.8,10.30798345,50
468,0.127001953,250,0.9,10.30798345,50
469,0.134277344,250,1,10.30798345,50
470,0.013671875,250,0.1,10.19678184,50
471,0.026953125,250,0.2,10.19678184,50
472,0.040722656,250,0.3,10.19678184,50
473,0.053515625,250,0.4,10.19678184,50
474,0.070800781,250,0.5,10.19678184,50
475,0.081152344,250,0.6,10.19678184,50
476,0.096044922,250,0.7,10.19678184,50
477,0.105078125,250,0.8,10.19678184,50
478,0.120849609,250,0.9,10.19678184,50
479,0.130371094,250,1,10.19678184,50
480,0.012890625,250,0.1,10.3360303,50
481,0.026171875,250,0.2,10.3360303,50
482,0.040136719,250,0.3,10.3360303,50
483,0.054296875,250,0.4,10.3360303,50
484,0.064941406,250,0.5,10.3360303,50
485,0.080566406,250,0.6,10.3360303,50
486,0.098779297,250,0.7,10.3360303,50
487,0.108203125,250,0.8,10.3360303,50
488,0.117333984,250,0.9,10.3360303,50
489,0.128417969,250,1,10.3360303,50
490,0.013671875,250,0.1,10.22207744,50
491,0.026953125,250,0.2,10.22207744,50
492,0.039550781,250,0.3,10.22207744,50
493,0.053515625,250,0.4,10.22207744,50
494,0.062011719,250,0.5,10.22207744,50
495,0.079394531,250,0.6,10.22207744,50
496,0.096728516,250,0.7,10.22207744,50
497,0.108203125,250,0.8,10.22207744,50
498,0.127001953,250,0.9,10.22207744,50
499,0.135253906,250,1,10.22207744,50
500,0.012890625,250,0.1,10.2145417,50
501,0.026171875,250,0.2,10.2145417,50
502,0.037207031,250,0.3,10.2145417,50
503,0.055078125,250,0.4,10.2145417,50
504,0.070800781,250,0.5,10.2145417,50
505,0.079394531,250,0.6,10.2145417,50
506,0.093310547,250,0.7,10.2145417,50
507,0.108203125,250,0.8,10.2145417,50
508,0.115576172,250,0.9,10.2145417,50
509,0.136230469,250,1,10.2145417,50
510,0.013671875,250,0.1,10.24302153,50
511,0.027734375,250,0.2,10.24302153,50
512,0.039550781,250,0.3,10.24302153,50
513,0.055078125,250,0.4,10.24302153,50
514,0.071777344,250,0.5,10.24302153,50
515,0.080566406,250,0.6,10.24302153,50
516,0.094677734,250,0.7,10.24302153,50
517,0.108984375,250,0.8,10.24302153,50
518,0.112060547,250,0.9,10.24302153,50
519,0.134277344,250,1,10.24302153,50
520,0.012890625,250,0.1,10.3915394,50
521,0.026953125,250,0.2,10.3915394,50
522,0.039550781,250,0.3,10.3915394,50
523,0.055078125,250,0.4,10.3915394,50
524,0.064941406,250,0.5,10.3915394,50
525,0.084667969,250,0.6,10.3915394,50
526,0.090576172,250,0.7,10.3915394,50
527,0.108203125,250,0.8,10.3915394,50
528,0.119970703,250,0.9,10.3915394,50
529,0.131347656,250,1,10.3915394,50
530,0.012890625,250,0.1,10.21581122,50
531,0.027734375,250,0.2,10.21581122,50
532,0.040136719,250,0.3,10.21581122,50
533,0.056640625,250,0.4,10.21581122,50
534,0.066894531,250,0.5,10.21581122,50
535,0.080566406,250,0.6,10.21581122,50
536,0.097412109,250,0.7,10.21581122,50
537,0.105078125,250,0.8,10.21581122,50
538,0.112060547,250,0.9,10.21581122,50
539,0.133300781,250,1,10.21581122,50
540,0.013671875,250,0.1,10.234598,50
541,0.026171875,250,0.2,10.234598,50
542,0.039550781,250,0.3,10.234598,50
543,0.051953125,250,0.4,10.234598,50
544,0.064941406,250,0.5,10.234598,50
545,0.084667969,250,0.6,10.234598,50
546,0.094677734,250,0.7,10.234598,50
547,0.109765625,250,0.8,10.234598,50
548,0.116455078,250,0.9,10.234598,50
549,0.133300781,250,1,10.234598,50
550,0.012890625,250,0.1,10.241267,50
551,0.026953125,250,0.2,10.241267,50
552,0.038964844,250,0.3,10.241267,50
553,0.051953125,250,0.4,10.241267,50
554,0.062011719,250,0.5,10.241267,50
555,0.084667969,250,0.6,10.241267,50
556,0.101513672,250,0.7,10.241267,50
557,0.105859375,250,0.8,10.241267,50
558,0.118212891,250,0.9,10.241267,50
559,0.131347656,250,1,10.241267,50
560,0.013671875,250,0.1,10.35120583,50
561,0.026953125,250,0.2,10.35120583,50
562,0.039550781,250,0.3,10.35120583,50
563,0.053515625,250,0.4,10.35120583,50
564,0.066894531,250,0.5,10.35120583,50
565,0.079980469,250,0.6,10.35120583,50
566,0.089892578,250,0.7,10.35120583,50
567,0.102734375,250,0.8,10.35120583,50
568,0.122607422,250,0.9,10.35120583,50
569,0.133300781,250,1,10.35120583,50
570,0.012890625,250,0.1,10.31044217,50
571,0.026953125,250,0.2,10.31044217,50
572,0.041894531,250,0.3,10.31044217,50
573,0.054296875,250,0.4,10.31044217,50
574,0.068847656,250,0.5,10.31044217,50
575,0.081152344,250,0.6,10.31044217,50
576,0.089892578,250,0.7,10.31044217,50
577,0.106640625,250,0.8,10.31044217,50
578,0.120849609,250,0.9,10.31044217,50
579,0.133300781,250,1,10.31044217,50
580,0.012890625,250,0.1,10.28584248,50
581,0.027734375,250,0.2,10.28584248,50
582,0.043066406,250,0.3,10.28584248,50
583,0.051171875,250,0.4,10.28584248,50
584,0.065917969,250,0.5,10.28584248,50
585,0.078222656,250,0.6,10.28584248,50
586,0.089892578,250,0.7,10.28584248,50
587,0.104296875,250,0.8,10.28584248,50
588,0.127880859,250,0.9,10.28584248,50
589,0.135253906,250,1,10.28584248,50
590,0.013671875,250,0.1,10.35686783,50
591,0.026171875,250,0.2,10.35686783,50
592,0.039550781,250,0.3,10.35686783,50
593,0.054296875,250,0.4,10.35686783,50
594,0.065917969,250,0.5,10.35686783,50
595,0.074707031,250,0.6,10.35686783,50
596,0.091259766,250,0.7,10.35686783,50
597,0.108203125,250,0.8,10.35686783,50
598,0.120849609,250,0.9,10.35686783,50
599,0.133300781,250,1,10.35686783,50
600,0.013671875,250,0.1,10.38034047,50
601,0.026171875,250,0.2,10.38034047,50
602,0.038378906,250,0.3,10.38034047,50
603,0.052734375,250,0.4,10.38034047,50
604,0.063964844,250,0.5,10.38034047,50
605,0.077050781,250,0.6,10.38034047,50
606,0.094677734,250,0.7,10.38034047,50
607,0.099609375,250,0.8,10.38034047,50
608,0.119970703,250,0.9,10.38034047,50
609,0.134277344,250,1,10.38034047,50
610,0.013671875,250,0.1,10.14434798,50
611,0.026171875,250,0.2,10.14434798,50
612,0.041894531,250,0.3,10.14434798,50
613,0.052734375,250,0.4,10.14434798,50
614,0.065917969,250,0.5,10.14434798,50
615,0.078808594,250,0.6,10.14434798,50
616,0.097412109,250,0.7,10.14434798,50
617,0.108984375,250,0.8,10.14434798,50
618,0.119091797,250,0.9,10.14434798,50
619,0.137207031,250,1,10.14434798,50
620,0.012890625,250,0.1,10.287241,50
621,0.028515625,250,0.2,10.287241,50
622,0.038964844,250,0.3,10.287241,50
623,0.054296875,250,0.4,10.287241,50
624,0.064941406,250,0.5,10.287241,50
625,0.079394531,250,0.6,10.287241,50
626,0.096044922,250,0.7,10.287241,50
627,0.105859375,250,0.8,10.287241,50
628,0.119970703,250,0.9,10.287241,50
629,0.134277344,250,1,10.287241,50
630,0.012890625,250,0.1,10.18014337,50
631,0.026171875,250,0.2,10.18014337,50
632,0.040722656,250,0.3,10.18014337,50
633,0.052734375,250,0.4,10.18014337,50
634,0.066894531,250,0.5,10.18014337,50
635,0.079394531,250,0.6,10.18014337,50
636,0.091259766,250,0.7,10.18014337,50
637,0.105078125,250,0.8,10.18014337,50
638,0.119091797,250,0.9,10.18014337,50
639,0.141113281,250,1,10.18014337,50
640,0.013671875,250,0.1,10.22198624,50
641,0.026953125,250,0.2,10.22198624,50
642,0.040136719,250,0.3,10.22198624,50
643,0.053515625,250,0.4,10.22198624,50
644,0.065917969,250,0.5,10.22198624,50
645,0.080566406,250,0.6,10.22198624,50
646,0.093310547,250,0.7,10.22198624,50
647,0.099609375,250,0.8,10.22198624,50
648,0.115576172,250,0.9,10.22198624,50
649,0.130371094,250,1,10.22198624,50
650,0.012890625,250,0.1,10.24309684,50
651,0.026953125,250,0.2,10.24309684,50
652,0.040136719,250,0.3,10.24309684,50
653,0.053515625,250,0.4,10.24309684,50
654,0.064941406,250,0.5,10.24309684,50
655,0.079980469,250,0.6,10.24309684,50
656,0.096044922,250,0.7,10.24309684,50
657,0.105859375,250,0.8,10.24309684,50
658,0.122607422,250,0.9,10.24309684,50
659,0.139160156,250,1,10.24309684,50
660,0.012109375,250,0.1,10.23007048,50
661,0.027734375,250,0.2,10.23007048,50
662,0.039550781,250,0.3,10.23007048,50
663,0.053515625,250,0.4,10.23007048,50
664,0.066894531,250,0.5,10.23007048,50
665,0.078808594,250,0.6,10.23007048,50
666,0.091943359,250,0.7,10.23007048,50
667,0.108203125,250,0.8,10.23007048,50
668,0.113818359,250,0.9,10.23007048,50
669,0.127441406,250,1,10.23007048,50
670,0.012890625,250,0.1,10.26836447,50
671,0.026953125,250,0.2,10.26836447,50
672,0.038964844,250,0.3,10.26836447,50
673,0.053515625,250,0.4,10.26836447,50
674,0.067871094,250,0.5,10.26836447,50
675,0.078222656,250,0.6,10.26836447,50
676,0.089208984,250,0.7,10.26836447,50
677,0.109765625,250,0.8,10.26836447,50
678,0.115576172,250,0.9,10.26836447,50
679,0.129394531,250,1,10.26836447,50
680,0.012890625,250,0.1,10.25166656,50
681,0.024609375,250,0.2,10.25166656,50
682,0.038378906,250,0.3,10.25166656,50
683,0.051953125,250,0.4,10.25166656,50
684,0.066894531,250,0.5,10.25166656,50
685,0.079394531,250,0.6,10.25166656,50
686,0.087158203,250,0.7,10.25166656,50
687,0.105859375,250,0.8,10.25166656,50
688,0.127001953,250,0.9,10.25166656,50
689,0.134277344,250,1,10.25166656,50
690,0.013671875,250,0.1,10.2230199,50
691,0.026953125,250,0.2,10.2230199,50
692,0.039550781,250,0.3,10.2230199,50
693,0.055078125,250,0.4,10.2230199,50
694,0.068847656,250,0.5,10.2230199,50
695,0.084667969,250,0.6,10.2230199,50
696,0.091259766,250,0.7,10.2230199,50
697,0.108203125,250,0.8,10.2230199,50
698,0.117333984,250,0.9,10.2230199,50
699,0.129394531,250,1,10.2230199,50
700,0.013671875,250,0.1,10.22931736,50
701,0.026171875,250,0.2,10.22931736,50
702,0.042480469,250,0.3,10.22931736,50
703,0.051953125,250,0.4,10.22931736,50
704,0.065917969,250,0.5,10.22931736,50
705,0.078808594,250,0.6,10.22931736,50
706,0.093310547,250,0.7,10.22931736,50
707,0.099609375,250,0.8,10.22931736,50
708,0.127001953,250,0.9,10.22931736,50
709,0.132324219,250,1,10.22931736,50
710,0.012890625,250,0.1,10.29346002,50
711,0.025390625,250,0.2,10.29346002,50
712,0.039550781,250,0.3,10.29346002,50
713,0.052734375,250,0.4,10.29346002,50
714,0.067871094,250,0.5,10.29346002,50
715,0.079980469,250,0.6,10.29346002,50
716,0.090576172,250,0.7,10.29346002,50
717,0.109765625,250,0.8,10.29346002,50
718,0.127001953,250,0.9,10.29346002,50
719,0.128417969,250,1,10.29346002,50
720,0.013671875,250,0.1,10.27458809,50
721,0.026953125,250,0.2,10.27458809,50
722,0.040722656,250,0.3,10.27458809,50
723,0.054296875,250,0.4,10.27458809,50
724,0.065917969,250,0.5,10.27458809,50
725,0.077050781,250,0.6,10.27458809,50
726,0.099462891,250,0.7,10.27458809,50
727,0.102734375,250,0.8,10.27458809,50
728,0.121728516,250,0.9,10.27458809,50
729,0.131347656,250,1,10.27458809,50
730,0.013671875,250,0.1,10.30111432,50
731,0.025390625,250,0.2,10.30111432,50
732,0.038378906,250,0.3,10.30111432,50
733,0.053515625,250,0.4,10.30111432,50
734,0.066894531,250,0.5,10.30111432,50
735,0.077050781,250,0.6,10.30111432,50
736,0.096044922,250,0.7,10.30111432,50
737,0.099609375,250,0.8,10.30111432,50
738,0.127001953,250,0.9,10.30111432,50
739,0.130371094,250,1,10.30111432,50
740,0.013671875,250,0.1,10.34189271,50
741,0.026171875,250,0.2,10.34189271,50
742,0.040136719,250,0.3,10.34189271,50
743,0.053515625,250,0.4,10.34189271,50
744,0.063964844,250,0.5,10.34189271,50
745,0.079394531,250,0.6,10.34189271,50
746,0.092626953,250,0.7,10.34189271,50
747,0.102734375,250,0.8,10.34189271,50
748,0.121728516,250,0.9,10.34189271,50
749,0.131347656,250,1,10.34189271,50
750,0.013671875,250,0.1,10.26106327,50
751,0.027734375,250,0.2,10.26106327,50
752,0.040722656,250,0.3,10.26106327,50
753,0.055078125,250,0.4,10.26106327,50
754,0.070800781,250,0.5,10.26106327,50
755,0.080566406,250,0.6,10.26106327,50
756,0.094677734,250,0.7,10.26106327,50
757,0.105859375,250,0.8,10.26106327,50
758,0.118212891,250,0.9,10.26106327,50
759,0.128417969,250,1,10.26106327,50
760,0.013671875,250,0.1,10.25553224,50
761,0.026953125,250,0.2,10.25553224,50
762,0.038964844,250,0.3,10.25553224,50
763,0.051953125,250,0.4,10.25553224,50
764,0.065917969,250,0.5,10.25553224,50
765,0.079980469,250,0.6,10.25553224,50
766,0.098779297,250,0.7,10.25553224,50
767,0.105859375,250,0.8,10.25553224,50
768,0.119091797,250,0.9,10.25553224,50
769,0.128417969,250,1,10.25553224,50
770,0.013671875,250,0.1,10.28300534,50
771,0.027734375,250,0.2,10.28300534,50
772,0.038964844,250,0.3,10.28300534,50
773,0.052734375,250,0.4,10.28300534,50
774,0.064941406,250,0.5,10.28300534,50
775,0.081152344,250,0.6,10.28300534,50
776,0.092626953,250,0.7,10.28300534,50
777,0.102734375,250,0.8,10.28300534,50
778,0.119091797,250,0.9,10.28300534,50
779,0.132324219,250,1,10.28300534,50
780,0.013671875,250,0.1,10.19307798,50
781,0.028515625,250,0.2,10.19307798,50
782,0.038964844,250,0.3,10.19307798,50
783,0.053515625,250,0.4,10.19307798,50
784,0.065917969,250,0.5,10.19307798,50
785,0.075878906,250,0.6,10.19307798,50
786,0.098779297,250,0.7,10.19307798,50
787,0.109765625,250,0.8,10.19307798,50
788,0.117333984,250,0.9,10.19307798,50
789,0.145019531,250,1,10.19307798,50
790,0.012109375,250,0.1,10.35280921,50
791,0.026171875,250,0.2,10.35280921,50
792,0.040136719,250,0.3,10.35280921,50
793,0.051171875,250,0.4,10.35280921,50
794,0.064941406,250,0.5,10.35280921,50
795,0.079980469,250,0.6,10.35280921,50
796,0.087158203,250,0.7,10.35280921,50
797,0.106640625,250,0.8,10.35280921,50
798,0.120849609,250,0.9,10.35280921,50
799,0.133300781,250,1,10.35280921,50
800,0.013671875,250,0.1,10.23946242,50
801,0.026953125,250,0.2,10.23946242,50
802,0.038964844,250,0.3,10.23946242,50
803,0.056640625,250,0.4,10.23946242,50
804,0.063964844,250,0.5,10.23946242,50
805,0.078222656,250,0.6,10.23946242,50
806,0.089892578,250,0.7,10.23946242,50
807,0.106640625,250,0.8,10.23946242,50
808,0.119091797,250,0.9,10.23946242,50
809,0.137207031,250,1,10.23946242,50
810,0.013671875,250,0.1,10.2472751,50
811,0.028515625,250,0.2,10.2472751,50
812,0.041308594,250,0.3,10.2472751,50
813,0.051171875,250,0.4,10.2472751,50
814,0.064941406,250,0.5,10.2472751,50
815,0.079980469,250,0.6,10.2472751,50
816,0.092626953,250,0.7,10.2472751,50
817,0.105859375,250,0.8,10.2472751,50
818,0.127001953,250,0.9,10.2472751,50
819,0.131347656,250,1,10.2472751,50
820,0.012890625,250,0.1,10.34684445,50
821,0.026953125,250,0.2,10.34684445,50
822,0.040136719,250,0.3,10.34684445,50
823,0.049609375,250,0.4,10.34684445,50
824,0.064941406,250,0.5,10.34684445,50
825,0.079980469,250,0.6,10.34684445,50
826,0.093310547,250,0.7,10.34684445,50
827,0.106640625,250,0.8,10.34684445,50
828,0.114697266,250,0.9,10.34684445,50
829,0.124511719,250,1,10.34684445,50
830,0.013671875,250,0.1,10.19081049,50
831,0.026171875,250,0.2,10.19081049,50
832,0.040136719,250,0.3,10.19081049,50
833,0.054296875,250,0.4,10.19081049,50
834,0.062011719,250,0.5,10.19081049,50
835,0.080566406,250,0.6,10.19081049,50
836,0.096044922,250,0.7,10.19081049,50
837,0.105859375,250,0.8,10.19081049,50
838,0.120849609,250,0.9,10.19081049,50
839,0.131347656,250,1,10.19081049,50
840,0.013671875,250,0.1,10.20301009,50
841,0.026171875,250,0.2,10.20301009,50
842,0.041308594,250,0.3,10.20301009,50
843,0.052734375,250,0.4,10.20301009,50
844,0.065917969,250,0.5,10.20301009,50
845,0.087011719,250,0.6,10.20301009,50
846,0.096044922,250,0.7,10.20301009,50
847,0.103515625,250,0.8,10.20301009,50
848,0.127001953,250,0.9,10.20301009,50
849,0.135253906,250,1,10.20301009,50
850,0.012109375,250,0.1,10.13873813,50
851,0.027734375,250,0.2,10.13873813,50
852,0.039550781,250,0.3,10.13873813,50
853,0.052734375,250,0.4,10.13873813,50
854,0.066894531,250,0.5,10.13873813,50
855,0.081152344,250,0.6,10.13873813,50
856,0.099462891,250,0.7,10.13873813,50
857,0.106640625,250,0.8,10.13873813,50
858,0.120849609,250,0.9,10.13873813,50
859,0.124511719,250,1,10.13873813,50
860,0.013671875,250,0.1,10.26468071,50
861,0.026953125,250,0.2,10.26468071,50
862,0.041308594,250,0.3,10.26468071,50
863,0.051171875,250,0.4,10.26468071,50
864,0.066894531,250,0.5,10.26468071,50
865,0.079980469,250,0.6,10.26468071,50
866,0.090576172,250,0.7,10.26468071,50
867,0.106640625,250,0.8,10.26468071,50
868,0.116455078,250,0.9,10.26468071,50
869,0.131347656,250,1,10.26468071,50
870,0.013671875,250,0.1,10.33487159,50
871,0.026953125,250,0.2,10.33487159,50
872,0.038964844,250,0.3,10.33487159,50
873,0.051171875,250,0.4,10.33487159,50
874,0.066894531,250,0.5,10.33487159,50
875,0.084667969,250,0.6,10.33487159,50
876,0.092626953,250,0.7,10.33487159,50
877,0.112890625,250,0.8,10.33487159,50
878,0.119091797,250,0.9,10.33487159,50
879,0.130371094,250,1,10.33487159,50
880,0.013671875,250,0.1,10.30858472,50
881,0.027734375,250,0.2,10.30858472,50
882,0.040722656,250,0.3,10.30858472,50
883,0.056640625,250,0.4,10.30858472,50
884,0.065917969,250,0.5,10.30858472,50
885,0.078222656,250,0.6,10.30858472,50
886,0.093310547,250,0.7,10.30858472,50
887,0.104296875,250,0.8,10.30858472,50
888,0.123486328,250,0.9,10.30858472,50
889,0.126464844,250,1,10.30858472,50
890,0.012890625,250,0.1,10.22017636,50
891,0.024609375,250,0.2,10.22017636,50
892,0.040136719,250,0.3,10.22017636,50
893,0.051953125,250,0.4,10.22017636,50
894,0.066894531,250,0.5,10.22017636,50
895,0.080566406,250,0.6,10.22017636,50
896,0.091943359,250,0.7,10.22017636,50
897,0.107421875,250,0.8,10.22017636,50
898,0.119970703,250,0.9,10.22017636,50
899,0.133300781,250,1,10.22017636,50
900,0.013671875,250,0.1,10.33384381,50
901,0.028515625,250,0.2,10.33384381,50
902,0.039550781,250,0.3,10.33384381,50
903,0.053515625,250,0.4,10.33384381,50
904,0.065917969,250,0.5,10.33384381,50
905,0.081738281,250,0.6,10.33384381,50
906,0.089892578,250,0.7,10.33384381,50
907,0.101953125,250,0.8,10.33384381,50
908,0.122607422,250,0.9,10.33384381,50
909,0.128417969,250,1,10.33384381,50
910,0.012890625,250,0.1,10.26259763,50
911,0.026171875,250,0.2,10.26259763,50
912,0.041308594,250,0.3,10.26259763,50
913,0.052734375,250,0.4,10.26259763,50
914,0.066894531,250,0.5,10.26259763,50
915,0.080566406,250,0.6,10.26259763,50
916,0.091943359,250,0.7,10.26259763,50
917,0.106640625,250,0.8,10.26259763,50
918,0.119970703,250,0.9,10.26259763,50
919,0.136230469,250,1,10.26259763,50
920,0.012890625,250,0.1,10.23860469,50
921,0.026171875,250,0.2,10.23860469,50
922,0.041308594,250,0.3,10.23860469,50
923,0.051171875,250,0.4,10.23860469,50
924,0.070800781,250,0.5,10.23860469,50
925,0.078222656,250,0.6,10.23860469,50
926,0.097412109,250,0.7,10.23860469,50
927,0.112890625,250,0.8,10.23860469,50
928,0.123486328,250,0.9,10.23860469,50
929,0.130371094,250,1,10.23860469,50
930,0.012890625,250,0.1,10.31549028,50
931,0.026953125,250,0.2,10.31549028,50
932,0.036621094,250,0.3,10.31549028,50
933,0.051953125,250,0.4,10.31549028,50
934,0.065917969,250,0.5,10.31549028,50
935,0.078808594,250,0.6,10.31549028,50
936,0.090576172,250,0.7,10.31549028,50
937,0.099609375,250,0.8,10.31549028,50
938,0.124365234,250,0.9,10.31549028,50
939,0.133300781,250,1,10.31549028,50
940,0.013671875,250,0.1,10.18857503,50
941,0.026953125,250,0.2,10.18857503,50
942,0.038378906,250,0.3,10.18857503,50
943,0.051171875,250,0.4,10.18857503,50
944,0.065917969,250,0.5,10.18857503,50
945,0.079980469,250,0.6,10.18857503,50
946,0.092626953,250,0.7,10.18857503,50
947,0.108203125,250,0.8,10.18857503,50
948,0.119091797,250,0.9,10.18857503,50
949,0.139160156,250,1,10.18857503,50
950,0.014453125,250,0.1,10.29706143,50
951,0.026953125,250,0.2,10.29706143,50
952,0.039550781,250,0.3,10.29706143,50
953,0.053515625,250,0.4,10.29706143,50
954,0.064941406,250,0.5,10.29706143,50
955,0.079394531,250,0.6,10.29706143,50
956,0.093994141,250,0.7,10.29706143,50
957,0.108203125,250,0.8,10.29706143,50
958,0.118212891,250,0.9,10.29706143,50
959,0.138183594,250,1,10.29706143,50
960,0.012890625,250,0.1,10.21328248,50
961,0.026171875,250,0.2,10.21328248,50
962,0.040136719,250,0.3,10.21328248,50
963,0.054296875,250,0.4,10.21328248,50
964,0.067871094,250,0.5,10.21328248,50
965,0.080566406,250,0.6,10.21328248,50
966,0.093310547,250,0.7,10.21328248,50
967,0.106640625,250,0.8,10.21328248,50
968,0.119091797,250,0.9,10.21328248,50
969,0.133300781,250,1,10.21328248,50
970,0.014453125,250,0.1,10.25919028,50
971,0.027734375,250,0.2,10.25919028,50
972,0.038964844,250,0.3,10.25919028,50
973,0.053515625,250,0.4,10.25919028,50
974,0.066894531,250,0.5,10.25919028,50
975,0.084667969,250,0.6,10.25919028,50
976,0.093310547,250,0.7,10.25919028,50
977,0.105078125,250,0.8,10.25919028,50
978,0.119970703,250,0.9,10.25919028,50
979,0.132324219,250,1,10.25919028,50
980,0.013671875,250,0.1,10.39770579,50
981,0.025390625,250,0.2,10.39770579,50
982,0.037207031,250,0.3,10.39770579,50
983,0.055078125,250,0.4,10.39770579,50
984,0.064941406,250,0.5,10.39770579,50
985,0.074121094,250,0.6,10.39770579,50
986,0.098779297,250,0.7,10.39770579,50
987,0.107421875,250,0.8,10.39770579,50
988,0.115576172,250,0.9,10.39770579,50
989,0.132324219,250,1,10.39770579,50
990,0.012890625,250,0.1,10.31776483,50
991,0.026171875,250,0.2,10.31776483,50
992,0.040136719,250,0.3,10.31776483,50
993,0.052734375,250,0.4,10.31776483,50
994,0.068847656,250,0.5,10.31776483,50
995,0.079394531,250,0.6,10.31776483,50
996,0.093310547,250,0.7,10.31776483,50
997,0.107421875,250,0.8,10.31776483,50
998,0.112060547,250,0.9,10.31776483,50
999,0.133300781,250,1,10.31776483,50
